id,title
93194,011 Board Game
203828,13 Minutes: The Cuban Missile Crisis
36522,2 de Mayo
177997,27: Five Elements
198836,3 Wishes
86073,5 Second Rule
175878,504
73369,51st State
432,6 Nimmt!
166341,7 & 7
164369,7 Kingdoms
154173,7 Ronin
68448,7 Wonders
173346,7 Wonders: Duel
79828,A Few Acres of Snow
133671,A Fool's Fortune
217,A La Carte
141517,A Study in Emerald
112381,Abaddon
192279,Abla Ubla
176013,Abordaje!
172818,Above and Below
163930,Abracada…What?
32564,Abyss
123406,Ace Detective
177857,Achaia
5,Acquire
202408,Adrenaline
154253,Adventure In
98315,Adventurers: The Pyramid of Horus
191189,Aeon's End
155695,Age of War
111105,Agents of Smersh
31260,Agricola
119890,Agricola: All Creatures Big and Small
90419,Airlines Europe
154458,Akrotiri
127282,Al-Rashid
492,Aladdin's Dragons
161970,Alchemists
6249,Alhambra
25491,Alhambra: Dice Game
140709,Alhambra: Family Box
48726,Alien Frontiers
72204,Alien Uprising
192297,America: A Trivia Party Game Where Close Counts
38924,Amerigo
110277,Among the Stars
170318,Among the Stars: Revival
5404,Amun-Re
217298,Anansi and the Box of Stories
137031,Ancient Terrible Things
147253,Ancient World
39339,Android
124742,Android Netrunner
191572,Animals on Board
107384,Antarctica
104955,Antike Duellum
156266,Apex Theropod Deck-Building Game
175481,Aqua Park
34194,Aquaretto
814,Aquarius
159508,AquaSphere
155068,Arcadia Quest
28060,Archaeology
137336,Archer: Danger Zone
105551,Archipelago
139033,Archon: Glory & Machination
56931,Arena Roma 2
34,Arkham Horror
205637,Arkham Horror: Card Game
154825,Arkwright
12642,Army of Darkness: Card Game
113293,Article 27
168609,"Artifacts, Inc."
166372,Artificium
72991,Asara
10403,Ascension
200456,Ascension X: War of Shadows
145633,Ascension: Apprentice Edition
144864,Ascension: Darkness Unleashed
215616,Ascension: Gift of the Elements
145553,Asgard's Chosen
167400,Ashes: Rise of the Phoenixborn
140386,Assassin's Creed Arena
149459,Assaultous
194230,Attack on Titan Deckbuilding Game
827,Attila
32069,Attraction
165798,Auge um Auge
39351,Automobile: Wheels to Wealth
1862,Avalon
162,Awful Green Things From Outer Space
175458,Bad Beets
1661,Balance of Power
5716,Balloon Cup
212027,Balloon Pop!
143741,Bang! Dice Game
205078,Barcelona: The Rose of Fire
177048,Barking Up the Wrong Tree
186793,Barnyard Roundup
151022,Baseball Highlights 2045
127129,Batman: Arkham City Escape
130911,Batman: Gotham City
178944,Battalia: The Creation
89409,Battle Con: Devastation of Indines
123160,Battle for Souls
760,Battle Line
135219,Battle of Five Armies
163641,Battlecruisers
551,Battlecry
146439,Battlelore
2688,Battlestar Galactica
191624,Bear Valley
99081,Bears!
158232,Bedpans & Broomsticks
50750,Belfort
131332,Berserk: War of the Realms
10547,Betrayal at the House on the Hill
168435,Between Two Cities Special Edition
34219,Biblios
171233,Big Book of Madness
132428,Bioshock Infinite: The Siege of Columbia
157403,Black Fleet
61313,Black Hat
179718,Black-Handed Henry's Potion Party
25685,Blackbeard: The Golden Age of Piracy
2453,Blokus
2453,Blokus: Travel Edition
130877,Blood Bound
90137,Blood Bowl: Team Manager
170216,Blood Rage
195856,Bloodborne Card Game
89222,Bloodsuckers
180593,Bloody Inn
169558,Bloody Nights
122399,Bloqs
21882,Blue Moon City
140933,Blueprints
11,Bohnanza
66561,Bomb Squad
166202,Bomb Squad Academy
173648,Booty!
127060,Bora Bora
131835,Boss Monster
28720,Brass
112373,BraveRats
137237,Bremerhaven
158534,Bring Out Yer Dead
173441,Bring Your Own Book
172308,Broom Service
136888,Bruges
203405,Brutal Kingdom
144592,Bruxelles 1893
192343,Bubblee Pop
149853,Bullfrogs
59149,Bunny Bunny Moose Moose
181260,Burano
177815,Burger Boss
114438,"But Wait, There's More!"
8690,Buzzword
58602,Cable Car San Francisco
171499,Cacao
153938,Camel Up
14102,Can't Stop
159503,Captain is Dead
171131,Captain Sonar
163685,Captain's Wager
131449,Captains of Industry
2795,Car Wars
822,Carcassonne
142057,Carcassonne: Big Box
89953,Carcassonne: Dice Game
39938,Carson City
826,Cartagena
103877,Casa Grande
155362,Cash n Guns Second Edition
114903,Castellan
114903,Castellan International
175150,Casting
154674,Castle Assault
151251,Castle Crush
129320,Castle Dice
25951,Castle of the Devil
43443,Castle Panic
84876,Castles of Burgundy
191977,Castles of Burgundy: Card Game
155426,Castles of Mad King Ludwig
57390,Catacombs
67453,Caveman Curling
102794,Caverna
18602,Caylus
130853,Celestia
172287,Champions of Midgard
142830,Chaosmos
38194,Cheaty Mages
205079,Checkpoint Charlie
553,Chez Geek
31730,Chicago Express
25695,Chopstick Dexterity Mega Challenge 3000
180910,Chronicler
815,Chrononauts
124052,Cinque Terre
478,Citadels
123844,City Hall
120217,City of Horror
123499,City of Iron
178984,Civicus: Dice Game
71,Civilization
201808,Clank! A Deckbuilding Adventure
40765,Clash of Cultures
18397,Claustrophobia
22141,Cleopatra and the Society of Architects
632,Cloud 9
38026,Clue: Harry Potter Edition
72225,CO2
143515,Coal Baron
11971,Cockroach Poker
98386,Coconuts
163929,Coconuts Duo
178900,Codenames
198773,Codenames: Pictures
191043,Cohort
2513,Colony
5782,Coloretto
27746,Colosseum
158899,Colt Express
24124,Combat Commander Mediterranean
14105,Commands & Colors: Ancients
62222,Commands & Colors: Napoleonics
36015,Conan
147151,Concept
124361,Concordia
1308,Confusion
152767,Conquest of Speros
98351,Core Worlds
39463,Cosmic Encounters
194100,Costa Rica: Reveal the Rainforest
1653,Coup
148943,Coup: Rebellion G54
61653,Courtier
121295,Coven
197944,Crabs!
181246,Crazy Bullets
147614,Crazy Time
147,Crude: The Oil Game
179303,Cthulhu Realms
139976,Cthulhu Wars
145304,Cthulhu's Vault
111799,Cuba Libre
166532,Cubo
173292,Cup a Cup
181494,CVLizations
54998,Cyclades
92044,D&D: Conquest of Nerath
120114,D&D: Legend of Drizzt
172220,D&D: Temple of Elemental Evil
176963,Dadaocheng
176165,Dale of Merchants
199825,Danger! Danger! Dinosaur
59429,Dark Darker Darkest
97094,Dark Minions
111124,Dark Moon
170146,Dark Seas
193485,Dastardly Dirigibles
142852,DC Comics Deckbuilding Game: Heroes Unite
125678,DC Deck Building Game
161926,Dead Drop
172837,Dead Man's Chest
149155,Dead Man's Draw
149155,Dead Man's Draw: Captain Carcass
141423,Dead Men Tell No Tales
150376,Dead of Winter: A Crossroads Game
133437,Dead Panic
156129,Deception: Murder in Hong Kong
169464,Defenders of the Last Stand
65532,Defenders of the Realm
122271,Defenders of the Realm Battlefields
104162,Descent: Journeys in the Dark [Second Edition]
162082,Deus
39945,Diamonds
157322,Dice Brewing
179572,Dice City
193210,Dice Stars
40793,Dice Town
1,Die Macher
17581,Dimension
125368,Dino Hunt Dice
171669,Discoveries: The Journals of Lewis & Clark
91312,Discworld: Ankh Morph
118418,Divinare
39856,Dixit
121288,Dixit Journey
92828,Dixit Odyssey
125675,Doctor Who Card Game
189919,Doctor Who Card Game: Classic Doctors
210181,Doctor Who: Time Clash - Starter Set
158435,Dogs of War
172164,Dohdles!
62219,Dominant Species
36218,Dominion
36218,Dominion Base Set
216849,Dominion Big Box
171915,Dominion: Adventures
170587,Don't Mess With Cthulhu
162107,Doodle City
124548,Doom that Came to Atlantic City
172980,Double Mission
17946,Double Take
181345,Dr. Eureka
217554,Dr. Microbe
142262,Draco Magi
188178,Draconis Invasion
1860,Dragon Dice
72132,Dragon Rampage
22488,Dragon Run
166280,DragonFlame
205080,Dragons & Chickens
165404,Dragonscroll
172933,Dragonwood
194880,Dream Home
129459,Duel of Ages 2
173486,Dune: Dice Game
172600,Dungeon Busters
102548,Dungeon Fighter
45315,Dungeon Lords
170415,Dungeon of Fortune
97207,Dungeon Petz
80771,Dungeon Raiders
138788,Dungeon Roll
11542,Eclipse
58421,Egizia
93,El Grande
19526,Elasund: The First City
100423,Elder Sign
146021,Eldritch Horror
403,Elk Fest
163968,Elysium
3452,Emerald
68425,Eminent Domain
168,Empire Builder
145928,Empire Engine
98347,Empires of the Void
173442,Empires: Age of Discovery
19863,Endeavor
146388,Ender's Game: Battle School
112686,Epic Spell Wars: Duel at Mt. Skullzfyre
173200,Epic Spell Wars: Rumble at Castle Tentakill
175621,Epic: Card Game
88594,Eruption
113294,Escape the Curse of the Temple
31291,España 1936
206718,Ethnos
133848,Euphoria
180611,Evil Genius: Deathray
1159,Evo
1080,Evolution
136558,Expedition: Famous Explorers
71074,Expedition: Northwest Passage
172225,Exploding Kittens
176371,Explorers of the North Sea
128011,Extra! Extra!
179630,Face Chase
13823,Fairy Tale
170,Family Business
197061,Fantahzee: Hordes & Heroes
125046,Fantastiqa
171011,Favor of the Pharaoh
99312,Feudality
160784,Fidelitas
152470,Fief: France 1429
159675,Fields of Arle
40628,Finca
12495,Fire & Axe: A Viking Saga
18155,Firefly
139137,Firefly: Out to the Black
163170,Firefly: Shiny Dice
147768,Five Cucumbers
157354,Five Tribes
100901,Flash Point Fire Rescue: 2nd Edition
142765,Flea Market
161108,Fleet Commander: 1 - Ignition
169124,Flick 'Em Up!
168679,Flip City
215392,Flip City: Wilderness
179266,Flip the Bird
125315,FlowerFall
258,Fluxx 5.0
122159,Fluxx: Cthulu
102104,Fluxx: Star
29387,Fluxx: Zombie
175914,Food Chain Magnate
172,For Sale
136063,Forbidden Desert
65244,Forbidden Island
175155,Forbidden Stars
146221,Forge War
99,Fortress America
95103,Fortune and Glory
2025,Frag: Gold Edition
140603,Francis Drake
119506,Freedom: The Underground Railroad
66188,Fresco
142296,FunEmployed
138431,Galaxy Defenders
31481,Galaxy Trucker
125153,Gallerist
183441,Game of Gnomes
6472,Game of Thrones: Board Game
129976,Game of Thrones: Card Game
169255,Game of Thrones: The Card Game [Second Edition]
204837,Game of Thrones: The Iron Throne
180602,Game of Trains
179259,Garbage Day
109779,Garden Dice
963,Gardens of the Alhambra
141430,Geek Out!
146312,"Geister, Geister, Schatzsuchmeister!"
203035,Gem Trader
132229,Gentlemen Thieves
30539,Get Bit
30539,Get Bit Deluxe
37046,Ghost Stories
128271,Ginkgopolis
143693,Glass Road
19857,Glory to Rome
179973,GobbleStones
183881,Goblin Dice
110524,"Goblins, Inc."
160550,Godz
144761,"Going, Going, Gone!"
154086,Gold West
164338,Golden Ages
153064,"Good Cop, Bad Cop"
182874,Grand Austria Hotel
41569,Great Fire of London  1666
193738,Great Western Trail
184919,Greedy Greedy Goblins
168054,Grifters
163931,Grog Island
140779,Guardians' Chronicles
132372,Guildhall
196305,Guildhall Fantasy: Alliance
202755,Guildhall Fantasy: Fellowship
134157,Guilds of London
116,Guillotine
176334,Guns & Steel
98778,Hanabi
158600,Hanamikoji
35864,Hanging Gardens
155969,Harbour
199042,Harry Potter: Hogwarts Battle
165662,Haru Ichiban
149169,Heavy Steam
92666,Hegemonic
198994,Hero Realms
53093,Heroes of Normandie
153097,Heroes Wanted
8203,Hey! That's My Fish
138104,High Command:  War Machine
220,High Society
151742,Historia
224,History of the World
174078,Holmes: Sherlock & Mycroft
3158,Home Stretch
160968,Homeland: The Game
128114,Hooyah
200783,HOP!
154499,Hot Tin Roof
24270,Hoyuk
119788,Hyperborea
115,I'm the Boss
119391,Il Vecchio
17687,Illuminati
36919,Imhotep
154203,Imperial Settlers
31594,In the Year of the Dragon
37759,Incan Gold
116954,Indigo
22484,Ingenious: Travel Edition
155821,Inis
466,Inkognito
63888,Innovation
42939,Invasion from Outer Space
133405,Island Siege
176494,Isle of the Sky: From Chieftain to King
185589,Islebound
148949,Istanbul
193628,J'Accuse!
179876,Jailbreakers: Plan Your Escape
54043,Jaipur
28023,Jamaica
12002,Jambo
165959,Jolly Roger: The Game of Piracy & Mutiny
10304,Julius Caesar
18946,Just Desserts
184371,Justice League Hero Dice: Batman
184372,Justice League Hero Dice: Superman
73761,K2
394,Kahuna
32341,Kaker Laken Poker Royal
200147,Kanagawa
109276,Kanban: Automotive Revolution
147721,Karnickel
183251,Karuba
34585,Keltis
127023,Kemet
31154,Kerala
29839,Key Harvest
122515,Keyflower
257,Kill Doctor Lucky Board Game
72848,Kill the Overlord
33876,Killer Bunnies and the Journey to Jupiter
173649,King Chocolate
160499,King of New York
70323,King of Tokyo
107529,Kingdom Builder
204583,Kingdomino
111732,Kings of Air and Steam
27162,Kingsburg
154509,Kingsport Festival
181810,Kodama: The Tree Spirits
112138,Krosmaster Arena
136280,La Boca
195528,La Granga: The Dice Game - No Siesta!
146886,La Granja
154246,La Isla
124380,Ladies & Gentlemen
152053,Lagoon: Land of Druids
96913,Lancaster
160851,Lanterns: The Harvest Festival
24588,Las Vegas
29368,Last Night on Earth
97842,Last Will
35677,Le Havre
119781,Legacy: Gears of Time
52461,Legacy: The Testament of Duke de Crecy
129437,Legendary
156689,Legendary Villans
146652,Legendary: Encounters
127398,Legends of Andor
146197,Legends of the American Frontier
59959,Letters from Whitechapel
155636,Level 7 Invasion
137649,Level 7 Omega Protocol
140620,Lewis & Clark
45,Liar's Dice
125618,Libertalia
2507,Liberte
165872,Liberty or Death
4174,Lifeboat
132497,Lift It!
132497,Lift It! Deluxe
185021,Liguria
35207,Likewise
1253,Limits
111173,Little Devils
179386,London Markets
8561,Long Shot
22460,Longhorn
154892,Loonacy
770,Loot
157917,Lord of the Ice Garden
133063,Lord of the Rings Complete Trilogy: Adventure Board Game
147505,Lords & Ladies
67888,Lords of Scotland
20437,Lords of Vegas
110327,Lords of Waterdeep
156566,Lords of Xidit
50,Lost Cities
50,Lost Cities: The Card Game
158340,Lost Legacy: Flying Garden
173319,Lost Legacy: Second Chronicle - Vorpal Sword & Whitegold Spire
175222,Lost Legacy: Third Chronicle - Sacred Grail & Staff of Dragons
102835,Lost Temple
9341,Lost Valley
2348,Lotus
129622,Love Letter
169611,Love Letter: The Hobbit
70512,Luna
13258,Macao
143884,Machi Koro
150930,Mad City
154443,Madame Ching
95527,Madeira
176558,Mafia de Cuba
864,Mage Knight
101721,Mage Wars
180977,Magecraft
65333,Magic Labyrinth
118402,Maharani
75789,Mai-Star
184117,ManaSurge
165948,Mangrovia
63628,Manhattan Project
15817,Manila
17396,Manoeuvre
83330,Mansions of Madness
9139,Marco Polo Expedition
3931,Mare Nostrum
40276,Masters of Venice
209010,Mechs Vs. Minions
46,Medici
154386,Medieval Academy
1261,Medina
10630,Memoir 44
230,Merchant of Venus
19301,Mesopotamia
144346,Mess Machine
25172,Meteor
559,Metro
124708,Mice and Mystics
159969,Microvores
17310,Midgard
117914,Milestones
590,Mille Bornes
151347,Millennium Blades
176920,Mission Red Planet
118,Modern Art
40381,Modern Art: The Card Game
1668,Modern Naval Battle
172386,Mombasa
169743,Moons
80006,Mord im Arosa
198456,Motion Pictures: Movies out of Cardboard
175199,Mottainai Deluxe
15914,Motto
108679,Mow Money
21763,Mr. Jack
1927,Munchkin
31920,Munchkin Booty
156786,Munchkin Panic
29678,Munchkin Quest Boardgame
133572,Munchkin: Holiday Surprise
41034,Munchkin: Marvel Edition
213670,Munchkin: X-Men
163056,Musee
2179,Musketeers
172381,My Village
126792,Myrmes
181304,Mysterium
915,Mystery of the Abbey
5942,Mystery Rummy: Al Capone and the Chicago Underworld
66126,Mystery Rummy: Escape from Alcatraz
106,Mystery Rummy: Jack the Ripper
1265,Mystery Rummy: Jekyll & Hyde
371,Mystery Rummy: Murders in the Rue Morgue
184473,Mystery! Motive for Murder
194607,Mystic Vale
25028,Myth
144479,Myths at War: The End of the Age of Men
126042,Nations
157809,Nations: Dice Game
66589,Navegador
108044,Nefarious: The Mad Scientist Game
72321,Networks
120605,Neuroshima: Convoy 2nd Edition
135654,New Dawn
146158,New Haven
114667,New Science
2532,New York
174660,New York 1901
208895,New York Slice
431,New York: Card Game
15363,Nexus Ops
13308,Niagara
181382,Nina & Pinta
120316,Nine Worlds
173862,Ninja
164448,Ninja All-Stars
176565,Ninja Camp
154809,Nippon
125311,Niya
12942,No Thanks!
128931,Noblemen
120523,Nothing Personal
25554,Notre Dame
109456,Nova Cry
713,Nuclear War
65515,Nuns on the Run
1107,Nyet!
172158,Oath of the Brotherhood
192860,Oceanos
180231,OctoDice
176215,Odyssey: Wrath of Poseidon
94571,Oh Gnome You Don't!
160592,Oklahoma Boomers
73070,Olympus
181245,OMG
179275,One Deck Dungeon
176361,One Night Revolution
180956,One Night Ultimate Vampire
147949,One Night Ultimate Werewolf
163166,One Night Ultimate Werewolf: Daybreak
160477,Onitama
159515,Operation F.A.U.S.T.
70149,Ora & Labora
165477,Orcs Orcs Orcs
31497,Oregon
164928,Orleans
171905,Orleans: Deluxe Edition
1491,Outpost
129948,Palaces of Carrara
142364,Palmyra
131287,Panamax
179629,Panda Head
30549,Pandemic
157789,Pandemic: Contagion
161936,Pandemic: Legacy Season 1
192153,Pandemic: Reign of Cthulhu
150658,Pandemic: The Cure
104581,Panic on Wall Street!
141572,Paperback
172546,Parfum
15246,Pastiche
144041,PatcHistory
163412,Patchwork
133038,Pathfinder: Rise of the Runelords
151007,Pathfinder: Skull & Shackles
141735,Patronize
97803,Penny Arcade: Gamers Vs. Evil
115288,Penny Arcade: Rumble in R'lyeh
149787,Perdition's Mouth: Abyssal Rift
204576,Perfumer
142197,Phantom Society
2578,Phase 10: Dice Game
15818,Pickomino
98229,Pictomania
37371,Piece o' Cake
24480,Pillars of the Earth
3483,Pinocchio
31653,Pirate Attack
2987,Pirate's Cove
172560,Piratoons
140,Pit
181080,Pitch Fleet
150014,Pixel Glory
125548,Pixel Tactics
195162,Plague Inc.
183643,Play Jeju
158851,Play Me: Alice in Wonderdice
121041,Pluckin' Pairs
1486,Plunder
147299,Pocket Imperium
201920,Pocket Madness
118536,Police Precinct
13004,Pompeii
180899,Ponzi Scheme
183883,Port of Piraeus
565,Port Royal
172385,Porta Nigra
180906,Portal of Morth
32201,Possession
171835,Posthuman
180974,Potion Explosion
10984,Pounce
2651,Power Grid
155873,Power Grid: Deluxe
137776,Praetor
152174,Pressure Cooker
87890,Pret-a-Porter: Second Edition
59753,Priests of Ra
555,Princes of Florence
181796,Prodigals Club
179918,Producer: 1940-1944
140717,Progress: Evolution of Technology
142265,Prospectus
145203,Prosperity
151016,Provincia Romania
158774,Psychological Warfare
3076,Puerto Rico
67928,Puzzle Strike: Bag of Chips
187988,Pyramid Arcade
213953,Pyramid Poker
127997,Qin
176396,Quadropolis
5221,Quantum
115098,Quarmageddon
155702,Quarriors: Light VS. Dark
172881,Quartz
172547,Queen's Architect
187680,Quests of Valeria
146579,Quilt Show
25669,Qwirkle
131260,Qwixx
12,Ra
12,Ra Second Edition
35503,Ra: Dice Game
28143,Race for the Galaxy
170042,Raiders of the North Sea
17133,Railroad Tycoon
142303,Railways Express
17133,Railways of the World
97903,Rampage: Terror in Meeple City
133450,Raptor
133633,Rarrr!!
176606,"Rattle, Battle, Grab the Loot"
150146,Rattlebones
139401,Realm of Heroes
161417,Red7
12962,Reef Encounter
128442,Relic
138614,Relic Expedition
144270,Relic Runners
33087,Renaissance Man
173666,Renaissance Wars
277,Res Publica 2230 AD
165056,Resistance
181385,Retro Loonacy
86156,Reverse Charades
180238,Revoltaaa
99535,Revolver
128733,Revolver 2
114784,Rhein: River Trade
91514,Rhino Hero
194232,Rick and Morty: Total Rickall
194232,Rick and Morty: Total Rickall Card Game
194301,Riftwalker
137297,Rise of Augustus
181,Risk
1829,Risk 2210 AD
105134,Risk Legacy
179719,Risk: Game of Thrones
136000,Rivet Wars
875,Roads & Boats
164589,Roar-a-Saurus
160434,Robin
121921,Robinson Crusoe: Adventures on the Cursed Island
18,Robo Rally
156458,RoboRama
144344,Rococo
98960,Rogue Agent
132531,Roll for the Galaxy
169426,Roll Player
37380,Roll Through the Ages
150926,Roll Through the Ages: Iron Age
180198,Rolling America
74390,Rolling Freight
179385,Rome: City of Marble
182385,Rome: Rise to Power
201,Rose King
38992,Royal Palace
154495,Royals
89910,"Run, Fight, or Die"
181530,Runebound [Third Edition]
181530,Runebound: Third Edition
177965,Rush & Bash
144733,Russian Railroads
9220,Saboteur
177248,Saga of the Northmen
141736,Sail to India
9217,Saint Petersburg
35395,Salem
177490,Samara
158900,Samurai Spirit
128667,Samurai Sword
8217,San Juan
3348,Santa Fe Rails
8125,Santiago
104347,Santiago De Cuba
9963,Santorini
33604,Say Anything
92852,Say Anything: Family
140795,Say Bye to the Villains
172235,Schrodinger's Cats
438,Scotland Yard: Hunting Mister X
176564,Scoundrel Society
145659,Scoville
320,Scrabble
169786,Scythe
189052,Sea of Clouds
108745,Seasons
159868,Sellswords
102652,Sentinels of the Multiverse
278,Settlers of Catan
152959,Settlers of Catan: Deluxe Wooden Box
27710,Settlers of Catan: Dice Game
65889,Seven Card Samurai
98085,Seven Dragons
135116,Seventh Hero
24068,Shadow Hunters
112092,Shadowrift
135382,Shadowrun: Crossfire
15062,Shadows Over Camelot
129904,Shadows Over Camelot: Card Game
172006,Shadowstar Corsairs
180511,Shakespeare
157969,Sheriff of Nottingham
204305,Sherlock Holmes Consulting Detective: Jack the Ripper & West End Adventures
182556,Shinobi Assassins
153737,Ships
75547,Shipwrights of the North Sea
55600,Shipyard
177678,Signorie
160559,Simurgh
166443,Sing It!
92415,Skull
121958,Sky Traders
182605,Skyliners
4118,Slide 5
173290,Slideways
40692,Small World
140135,Small World Collector's Edition
97786,Small World: Underground
122522,Smash Up
191049,Smugglers
113289,Snake Oil
137366,Social Network
156091,Sons of Anarchy: Men of Mayhem
162670,Sovereignty of Dust
38453,Space Alert
123096,Space Cadets
124827,Space Cadets: Away Missions
142079,Space Cadets: Dice Deul
142079,Space Cadets: Dice Duel
84419,Space Empires 4X
2163,Space Hulk
141035,Space Sheep!
128671,Spartacus
104573,Spectaculum
155624,Specter Ops
146149,Speed Cups
16265,Spellcaster
23637,Spice Merchants
123157,Spike
149119,Spirits of the Rice Paddy
173291,Spit It Out
148228,Splendor
166384,Spyfall
137269,Spyrium
107173,Stalag 17
147020,Star Realms
193949,Star Trek Ascendancy
117985,Star Trek Catan
122690,Star Trek Deckbuilding Game
79131,Star Trek Expeditions
79127,Star Trek Fleet Captains
182340,Star Trek Frontiers
178613,Star Trek: Five Year Mission
182340,Star Trek: Frontiers
193737,Star Trek: Panic
164153,Star Wars Imperial Assault
160964,Star Wars: Empire vs. Rebellion
173341,Star Wars: Loopin' Chewie
187645,Star Wars: Rebellion
939,Star Wars: The Queen's Gambit
2338,Starship Catan
166226,Staufer Dynasty
121410,Steam Park
180592,Steam Time
143176,Steam Works
27833,Steam: Rails to Riches
37387,Steel Driver
179835,Stellar Conflict
184627,Stick to Colours
180292,Stingy
182801,Stinky Business
161614,Stockpile
34635,Stone Age
86905,Storm the Castle
137550,Story War
145888,Street Fighter Deck Building
225482,Strife
155314,Strike a Pose
179460,Stronghold: Second Edition
31507,Subdivision
81185,Suburbia
145012,Sultaniya
93260,Summoner Wars Master Set
97357,Sunrise City
2653,Survive
177147,Survive: Space Attack
175730,Surviving: One Month In
142334,Sushi Dice
144865,Sushi Draft
133473,Sushi Go!
101796,Sutakku
192227,Swipe Out
143405,Sylvion
146508,T.I.M.E. Stories
161742,TacDex: Halo
161743,TacDex: Pirates
173572,TacDex: Super Mario
161744,TacDex: The Walking Dead
179820,Tail Feathers
21086,Take a Train
24485,Take Your Best Shot
70919,Takenoko
788,Tales of the Arabian Nights
908,Tally Ho!
24508,Taluva
30645,Tammany Hall
129556,Tapple
146278,Tash-Kalar: Arena of Legends
186323,Tavarua
181404,Taverna
46213,Telestrations
129126,Temporum
8671,Terra
120677,Terra Mystica
167791,Terraforming Mars
224125,Tesla vs. Edison
7152,The Boss
30364,Those Pesky Garden Gnomes
25613,Through the Ages
182028,Through the Ages: A New Story of Civilization
503,Through the Desert
108906,Thunder Alley
169652,Thunder Track
140951,Thunderstone Advance Big Box
152765,Thunderstone Advance: Worlds Collide
53953,Thunderstone Big Box
21790,Thurn and Taxis
215,Tichu
9209,Ticket to Ride
34127,Ticket to Ride: Card Game
14996,Ticket to Ride: Europe
21348,Ticket to Ride: Marklin
31627,Ticket to Ride: Nordic Countries
176229,Tides of Time
42,Tigris & Euphretes
54,Tikal
67180,Tikal 2
154498,Till Dawn
137238,Time N Space
38579,Time's Up
36553,Time's Up: Title Recall
155708,Tiny Epic Defenders
163967,Tiny Epic Galaxies
186659,Tiny Epic Galaxies: Deluxe Edition
148951,Tiny Epic Kingdoms
175495,Titan Race
118732,Titans of Industry
42215,Tobago
123540,Tokaido
34599,Toledo
214879,Tomb Trader
7944,Tortuga
105037,Tournay
22667,Tower
24827,Traders of Osaka
148319,Tragedy Looper
138317,Trains and Stations
102680,Trajan
175293,Trambahn
2842,Transamerica
177212,Trap! Zany Zombies
38174,Treasure Hunter
135243,Triassic Terror
163068,Trickerion: Legends of Illusion
130960,Triumph & Tragedy: European Balance of Power
73439,Troyes
16992,Tsuro
124172,Tsuro of the Seas
16747,Tumblin' Dice
180591,Tumult Royale
104363,Twilight Imperium: Rex Final Days of an Empire
12493,Twilight Imperium: Third Edition
12333,Twilight Struggle
134352,Two Rooms and a Boom
189932,Tyrants of the Underdark
126163,Tzolk'in: The Mayan Calendar
16986,Ubongo
46396,Ubongo 3D
34969,Ubongo Duel
31479,Ubongo Extreme
60131,Ugg-Tect
139326,Ugo!
180956,Ultimate Vampire: One Night
100679,Ultimate Warriorz
152241,Ultimate Werewolf
152242,Ultimate Werewolf: Deluxe Edition
147949,Ultimate Werewolf: One Night
163166,Ultimate Werewolf: One Night Daybreak
204605,Unicornus Knights
146104,UnNatural Selection
29073,Uptown
159507,Urban Panic
62220,Urban Sprawl
93541,Urbania
185195,Urbis
150999,Valley of the Kings
175223,Valley of the Kings: Afterlife
128698,Vampire Empire
170416,Vast: The Crystal Caverns
211533,Veggie Garden
132326,Venetia
27042,Veritas
12281,Versailles
137397,Via Appia
157526,Viceroy
70922,Vicious Fishes
154742,Video Game High School
27173,Vikings
187377,Vikings Gone Wild
192334,Vikings on Board
104006,Village
175592,Village Crone
180040,Villages of Valeria
158316,Villany
42052,Vinhos
128621,Viticulture
128554,Voluspa
136249,Voodoo Mania
171623,Voyages of Marco Polo
154880,VuDu
147144,Wacky Wit
159452,"Wake Up, Cthulhu!"
21834,Walk the Plank
109125,Wallenstein
115746,War of the Ring: Second Edition
153905,Warband: Against the Darkness
163092,Warhammer Conquest
1634,Warhammer Quest
43111,Warhammer: Chaos in the Old World
107861,Warriors and Traders
33154,Wasabi
31016,We Didn't Playtest This at All!
42448,We Didn't Playtest This Either
150312,Welcome to the Dungeon
925,Werewolf
140457,Werewolf Inquisition
131165,Why First?
1382,Winner's Circle
122599,Winter Tales
1808,Witch Hunt
147116,Witcher: Adventure Game
137095,Witches: A Discworld Game
164265,Witness
20100,Wits and Wagers
66588,Wits and Wagers: Family
589,Wiz-War
71655,Wok Star
179217,Wonky
35028,Word Slam
168433,World of Smog: On Her Majesty's Service
143508,World War Z
178336,World's Fair 1893
181122,Wrath of Dragons
79068,Wrong Chemistry
878,Wyatt Earp
878,Wyatt Earp: Card Game
163602,XCOM
159109,XenoShyft Onslaught
82222,Xia: Legends of a Drift System
158742,Yardmaster Express
29152,Yggdrasil
43022,Yomi
204892,You Gotta Be Kitten Me!
12761,Ys
22345,Yspahan
178754,Z War One: Damnation
113924,Zombicide
137988,Zombicide Season 2: Prison Outbreak
144826,Zombie 15'
62871,Zombie Dice
62871,Zombie Dice Deluxe
2471,Zombies!!!
27588,Zooloretto
117942,Zooloretto: Dice Game
